theta_deg,p_over_p_inf,rho_over_rho_inf,mach,T_over_T_inf,vr_over_U_inf,vtheta_over_U_inf
1.009999999999999964e+01,4.003619878248182218e+00,2.529481665989685268e+00,6.171860019274439502e+00,1.582782722673629516e+00,9.766912262588096638e-01,-3.180673323802875752e-03
1.030000000000000071e+01,3.991467994004357145e+00,2.524821485808526944e+00,6.175522762781306518e+00,1.580891170500382525e+00,9.766474637360094135e-01,-9.316398632398177268e-03
1.050000000000000000e+01,3.980500449499994264e+00,2.518698836989957890e+00,6.176629615354545244e+00,1.580379675029748077e+00,9.765812290462322354e-01,-1.579220402990692829e-02
1.069999999999999929e+01,3.968160959129893861e+00,2.515646666350541238e+00,6.183229550662791674e+00,1.577392013039144780e+00,9.765743252473058078e-01,-2.225654139513584540e-02
1.089999999999999858e+01,3.959450217313992937e+00,2.523281176180686813e+00,6.200748793940821457e+00,1.569167263121715949e+00,9.766194939568153544e-01,-2.860732592648309106e-02
1.109999999999999964e+01,3.959756197528032207e+00,2.519397789455930070e+00,6.195663018484641960e+00,1.571707419169860787e+00,9.763843957514334315e-01,-3.542644028029810072e-02
1.130000000000000071e+01,3.960878319572936235e+00,2.480852510029988967e+00,6.145583235258881949e+00,1.596579523998005179e+00,9.758611660821008282e-01,-4.207097653081628974e-02
1.150000000000000000e+01,3.937430449789681930e+00,2.470812607256971827e+00,6.152968171046897972e+00,1.593577124475218154e+00,9.758136316274985678e-01,-4.856545229594017715e-02
1.170000000000000107e+01,3.883165203432747070e+00,2.481486283530025982e+00,6.213845623897035431e+00,1.564854591059342770e+00,9.762439601013563895e-01,-5.434888200290896587e-02
1.189999999999999858e+01,3.817470814997419026e+00,2.483372706008737829e+00,6.273544535836736102e+00,1.537212197653905932e+00,9.765058588177595311e-01,-6.071788146335097697e-02
1.209999999999999964e+01,3.764254416830964622e+00,2.487081016991639526e+00,6.325351229916801543e+00,1.513523038097161599e+00,9.765499936144944604e-01,-6.692755107139417015e-02
1.230000000000000071e+01,3.736844608666372469e+00,2.477399415726024845e+00,6.336011840447637766e+00,1.508373896007905390e+00,9.760293487244441346e-01,-7.387557707019644371e-02
1.250000000000000000e+01,3.714995099403901602e+00,2.385204381430909404e+00,6.228093172185730886e+00,1.557516466230552732e+00,9.743261023485169092e-01,-8.111798737604898613e-02
1.270000000000000107e+01,3.688590890662214683e+00,2.320490121541461725e+00,6.160450057627273601e+00,1.589574054386384105e+00,9.731165496367122358e-01,-8.679975592954281005e-02
1.289999999999999858e+01,3.532288016031075895e+00,2.227151626631915349e+00,6.171148916904552806e+00,1.586011465852864566e+00,9.726689731613472611e-01,-9.786026120675964113e-02
1.309999999999999964e+01,1.628165389859147716e+00,1.394698883002715384e+00,7.288618395759260515e+00,1.167395636220623478e+00,9.748976954169116249e-01,-1.755340471476060094e-01
1.329999999999999893e+01,9.976119264193831215e-01,9.901731812474938721e-01,7.916677640685903405e+00,1.007512569834013716e+00,9.729859314690817440e-01,-2.288726422305221164e-01
1.350000000000000000e+01,9.789056202259626138e-01,9.928168321695991505e-01,8.007903821587897042e+00,9.859881385036186607e-01,9.727709080262147978e-01,-2.326372571500975317e-01
1.370000000000000107e+01,1.001178047518581193e+00,9.991444710577170873e-01,7.942756566935019968e+00,1.002035317734092379e+00,9.715748377581006068e-01,-2.371761540314001604e-01
1.390000000000000036e+01,1.008862975606608980e+00,1.000482570802144311e+00,7.916183166294125328e+00,1.008376362616437705e+00,9.704697228678295096e-01,-2.408412020526843889e-01
1.410000000000000142e+01,9.980612337575964776e-01,1.001523728371632505e+00,7.964761287255194944e+00,9.965427732604341671e-01,9.699596093131533925e-01,-2.437729642233447680e-01
1.430000000000000071e+01,9.989231938067500982e-01,1.000830054820383896e+00,7.957804294527841549e+00,9.980947204728218836e-01,9.689632438161165373e-01,-2.473166356428323776e-01
1.450000000000000178e+01,9.948235715310411731e-01,1.001211432221901010e+00,7.975992635860856161e+00,9.936198684061329223e-01,9.681829978064392384e-01,-2.504984644970256746e-01
1.470000000000000107e+01,1.000889250451975299e+00,9.986411478735834901e-01,7.940524356390075589e+00,1.002251161574083671e+00,9.671346476329990560e-01,-2.539960289121357406e-01
1.490000000000000213e+01,9.932550244331065370e-01,9.950626925733746519e-01,7.957613833481952170e+00,9.981833625622188455e-01,9.664827059882342697e-01,-2.569190676161412501e-01
1.509999999999999964e+01,9.981204707464774728e-01,9.986271035631587578e-01,7.952358319305515622e+00,9.994926706726929844e-01,9.654918814073021327e-01,-2.605977214895129346e-01
1.529999999999999893e+01,9.936357018745823888e-01,1.004270305441052891e+00,7.993349586808029095e+00,9.894106163362064166e-01,9.646723962031366062e-01,-2.638887560826214118e-01
1.550000000000000000e+01,9.932119001626826815e-01,1.000621766825426473e+00,7.981044189337680450e+00,9.925947376836981029e-01,9.637345985638611223e-01,-2.675397571737566649e-01
1.569999999999999929e+01,9.958377005751475330e-01,9.915894089065474537e-01,7.932768617250550491e+00,1.004284325377461151e+00,9.627556851297297547e-01,-2.702536268647710016e-01
1.590000000000000036e+01,1.001734572235903453e+00,9.970832905672644131e-01,7.930988392119205699e+00,1.004664887790861272e+00,9.618622101714107142e-01,-2.732885220025988993e-01
1.610000000000000142e+01,9.922596065677664612e-01,1.007420350298794620e+00,8.011887039734617133e+00,9.849509256721570294e-01,9.610036031872666307e-01,-2.771596180779918872e-01
1.630000000000000071e+01,9.959999975733506705e-01,1.002570743208360593e+00,7.977667896127903724e+00,9.934461027518290965e-01,9.599069659630929952e-01,-2.809832928990452783e-01
1.650000000000000000e+01,9.961682885177598479e-01,9.909648189661097728e-01,7.928933981801942643e+00,1.005250912496650439e+00,9.588403280193060763e-01,-2.838234330416717355e-01
1.669999999999999929e+01,1.002746744185860850e+00,9.946181397452071860e-01,7.916410857985467509e+00,1.008172588168094297e+00,9.579708074015708119e-01,-2.862924369754666909e-01
1.689999999999999858e+01,9.930483517644448366e-01,1.008446547991200593e+00,8.012800608527314239e+00,9.847307760064938353e-01,9.570637250915122740e-01,-2.904804794318676109e-01
1.709999999999999787e+01,9.935717375225368020e-01,1.004624144162873156e+00,7.996583958750322019e+00,9.889984660387133308e-01,9.560861824403573683e-01,-2.941461210147164329e-01
1.730000000000000071e+01,9.991307852100186349e-01,9.922069324683377989e-01,7.922193748935553614e+00,1.006978234595132582e+00,9.545762632551152427e-01,-2.978768421274540223e-01
1.750000000000000000e+01,9.973167800382510828e-01,9.903274560025465689e-01,7.921058422594553505e+00,1.007057588874610055e+00,9.540067678932508954e-01,-2.993488542204020275e-01
1.769999999999999929e+01,1.002690469791771566e+00,1.006569683923718816e+00,7.964883834444309585e+00,9.961461047417744519e-01,9.527181582184089947e-01,-3.036571056076964870e-01
1.789999999999999858e+01,9.867130463540995100e-01,1.006666225816253979e+00,8.033373017928770565e+00,9.801789521189354648e-01,9.520901519737937635e-01,-3.071965268860143428e-01
1.810000000000000142e+01,9.991801193215985588e-01,9.942162195196828645e-01,7.930766745201363044e+00,1.004992776927652320e+00,9.503628871866182104e-01,-3.113620548824077572e-01
1.830000000000000071e+01,9.978223254185890623e-01,9.878526876530058232e-01,7.909082439578003054e+00,1.010092231250865558e+00,9.496392671661305629e-01,-3.129003651259745222e-01
1.850000000000000000e+01,1.005720147217341598e+00,1.003023163535589291e+00,7.937601552614342637e+00,1.002688854833866161e+00,9.484264183111698054e-01,-3.163085985942175604e-01
1.869999999999999929e+01,9.840233710000236833e-01,1.010353513003308557e+00,8.059029784305360877e+00,9.739396739216379384e-01,9.477400299163741826e-01,-3.203525635032601904e-01
1.890000000000000213e+01,9.990000614086621544e-01,1.001159806010021747e+00,7.960730552178828745e+00,9.978427573815943363e-01,9.461384026467410946e-01,-3.245926444193843463e-01
1.910000000000000142e+01,9.970105560584554549e-01,9.891096474807361538e-01,7.918167504429545644e+00,1.007987899620474748e+00,9.449415754442174187e-01,-3.271350423260207529e-01
1.930000000000000071e+01,1.002934148171551465e+00,9.934845830412164513e-01,7.910685870667001574e+00,1.009511536758233685e+00,9.440450942527217615e-01,-3.291362403589924712e-01
1.950000000000000355e+01,9.959099217344828947e-01,1.009450069286801588e+00,8.004754277211185709e+00,9.865866099133708822e-01,9.428735657841045281e-01,-3.334857477384179369e-01
1.970000000000000284e+01,9.880822206573188771e-01,1.007502520435641813e+00,8.031549916724383564e+00,9.807243164315602169e-01,9.420465478423292183e-01,-3.368917652892828851e-01
1.989999999999999858e+01,9.988513625359732861e-01,9.946140578150181044e-01,7.934056349614114545e+00,1.004260250182129610e+00,9.400893506654260934e-01,-3.412744248580922291e-01
2.010000000000000142e+01,9.957564967113478049e-01,9.855568769611262603e-01,7.907923005517245585e+00,1.010349092973376717e+00,9.392506067617562016e-01,-3.427692175607330860e-01
2.030000000000000071e+01,1.006114581189213375e+00,9.996179007821459628e-01,7.922174574523038970e+00,1.006499163732446300e+00,9.380862253609691948e-01,-3.456300415650627178e-01
2.050000000000000000e+01,9.842483361922007568e-01,1.012718396233756035e+00,8.067631325880077142e+00,9.718874860499879809e-01,9.372297118588649445e-01,-3.499451249999275260e-01
2.069999999999999929e+01,9.961259732114384757e-01,1.006548880503282284e+00,7.995584959882319431e+00,9.896449069749774230e-01,9.357935194131535850e-01,-3.540015493217779086e-01
2.090000000000000213e+01,9.973749435256307194e-01,9.929510451766085932e-01,7.933467914530213605e+00,1.004455303582701076e+00,9.339640589271048787e-01,-3.577614274141242001e-01
2.109999999999999787e+01,9.991827077478295793e-01,9.897166453948877951e-01,7.911009464985120587e+00,1.009564416640850615e+00,9.332919341744551067e-01,-3.586810696411554811e-01
2.129999999999999716e+01,1.003023206868328687e+00,1.001310844437380831e+00,7.940353615369999396e+00,1.001710120728703357e+00,9.318694305743915329e-01,-3.618011144472551566e-01
2.150000000000000000e+01,9.686919012790058403e-01,1.004764066198355454e+00,8.102127759625069814e+00,9.640988704384771957e-01,9.313174164751348849e-01,-3.660558997845435592e-01
2.169999999999999929e+01,9.890088698279680957e-01,1.000770542690869291e+00,8.001634152043203940e+00,9.882473830302034301e-01,9.294573977935782771e-01,-3.704525296457130690e-01
2.189999999999999858e+01,1.003404742991419685e+00,9.992114834956730141e-01,7.933087612976583713e+00,1.004196568559317271e+00,9.277265688683709044e-01,-3.731648200314412467e-01
