flux,base_cells,max_level,completed,integrity_passed,active_cells,mean_active_cells,peak_cells,min_cell_width,density_L1,velocity_L1,pressure_L1,contact_width_10_90,shock_width_10_90,conservation_defect,max_remap_defect,rhs_cell_updates,elapsed_seconds
ausm,160,0,True,True,160,160.0,160,0.006249999999999978,0.0045060013128052166,0.008366308214498713,0.003673283586191944,0.03634027780584603,0.01659568487414409,3.2191183791714602e-15,0.0,133920,0.8933355000335723
ausm,320,0,True,True,320,320.0,320,0.0031249999999999334,0.002362245044410269,0.004000586010332102,0.0018102034133956352,0.022139065836494498,0.00817940525813432,3.1045423915775393e-15,0.0,537600,2.558430299977772
ausm,640,0,True,True,640,640.0,640,0.0015624999999999112,0.0013229977618361794,0.001846515077748316,0.0008773036383966457,0.013417294621444587,0.004232781384494233,2.631959049294819e-14,0.0,2152320,8.358426399994642
ausm,80,0,True,True,80,80.0,80,0.012499999999999956,0.00891337165122598,0.017469264504028803,0.007458148707852685,0.06059446701096871,0.03317542680086327,9.691564717981643e-16,0.0,33360,0.3954056000802666
ausm,80,3,True,True,232,182.15878679750222,232,0.0015624999999999112,0.0014031639109744623,0.0019110803199636258,0.0009707634047537953,0.013223118285749513,0.004231305827220422,1.2223865420224717e-15,8.881784197001252e-16,612600,3.83843710005749
ausm-plus,160,0,True,True,160,160.0,160,0.006249999999999978,0.004363947163014656,0.00821392947354963,0.0035250415388783573,0.036407963717853375,0.016403408053662916,3.774932999168911e-15,0.0,133920,0.8861364999320358
ausm-plus,320,0,True,True,320,320.0,320,0.0031249999999999334,0.002291118256753465,0.0038825344576125377,0.0017139810526385483,0.02224206541794227,0.008069748269491361,4.215121113474645e-15,0.0,536640,2.6387775000184774
ausm-plus,640,0,True,True,640,640.0,640,0.0015624999999999112,0.0012801755069549658,0.001783858406391856,0.0008245040104988955,0.013434942870101496,0.004105087395776752,2.4177153851847358e-14,0.0,2152320,8.192119599902071
ausm-plus,80,0,True,True,80,80.0,80,0.012499999999999956,0.008627991797713718,0.017991877682444993,0.007345383157563216,0.0588043326254335,0.033039610243933426,9.934996001567042e-16,0.0,33120,0.31482289999257773
ausm-plus,80,3,True,True,239,182.49285714285713,239,0.0015624999999999112,0.001404019106388635,0.0019778029265650142,0.0009863670501574571,0.013218964875348238,0.004104818216015826,2.170292425968231e-15,8.881784197001252e-16,613176,4.0135702000698075
ausm-up,160,0,True,True,160,160.0,160,0.006249999999999978,0.006621657849099308,0.011952317894363804,0.005976748097740476,0.03479708775561163,0.019477698370950147,3.10332035900309e-15,0.0,132960,0.8573332999367267
ausm-up,320,0,True,True,320,320.0,320,0.0031249999999999334,0.0034175688226351837,0.005770312925520455,0.002956922497432735,0.022105295606960174,0.009794120319359223,3.219646771412954e-15,0.0,535680,2.4978949000360444
ausm-up,640,0,True,True,640,640.0,640,0.0015624999999999112,0.0018517757915086875,0.002709230663818727,0.00144468000722502,0.013578660563228873,0.004926757991011055,2.587351671327976e-14,0.0,2148480,8.09692849998828
ausm-up,80,0,True,True,80,80.0,80,0.012499999999999956,0.012943507533975862,0.025904803511003206,0.012343212910499474,0.05117181886171507,0.04023981201576721,1.1034402984917914e-15,0.0,32880,0.30494539998471737
ausm-up,80,3,True,True,212,178.04825737265415,216,0.0015624999999999112,0.0021051796530922253,0.0030762766891189617,0.0017892170777998758,0.013386801874220033,0.004925308727999678,1.8844785696928306e-15,6.661338147750939e-16,597708,3.8762585000367835
ausm-up2,160,0,True,True,160,160.0,160,0.006249999999999978,0.006280687790213255,0.011022775931851771,0.005606416360264796,0.03526910040206943,0.01858743923097317,3.7295576513118436e-15,0.0,132960,0.8934013999532908
ausm-up2,320,0,True,True,320,320.0,320,0.0031249999999999334,0.003249145124876243,0.005296435801462959,0.0027727506707197177,0.02239632209945841,0.00934782802658296,3.788890176512563e-15,0.0,535680,2.4820874000433832
ausm-up2,640,0,True,True,640,640.0,640,0.0015624999999999112,0.0017687106633276803,0.002471474397805696,0.0013531250989186581,0.013641953653903638,0.004691512934652975,2.810741296228762e-14,0.0,2148480,7.919321099994704
ausm-up2,80,0,True,True,80,80.0,80,0.012499999999999956,0.01223407816402449,0.024178979524777128,0.011615467374022073,0.05253524551797706,0.03898979682035608,1.1527954661389015e-15,0.0,32880,0.3510075999656692
ausm-up2,80,3,True,True,212,177.92672028596962,217,0.0015624999999999112,0.0020327761789429724,0.0028385097403836575,0.0017079912052893466,0.013458727541430071,0.004689972819514554,3.0813454173466998e-15,8.881784197001252e-16,597300,4.03550570004154
ec-lf,160,0,True,True,160,160.0,160,0.006249999999999978,0.0055229130897619496,0.009527656519067718,0.004367482613384916,0.043354562204349634,0.017627972700853478,3.228384752636764e-15,0.0,133440,0.7831388000631705
ec-lf,320,0,True,True,320,320.0,320,0.0031249999999999334,0.0028541903015011885,0.004447769767754492,0.0021143652905139657,0.026328426066905886,0.00889392915250331,3.102511833654088e-15,0.0,536640,2.360809399979189
ec-lf,640,0,True,True,640,640.0,640,0.0015624999999999112,0.0015867192558236313,0.0020492816003975173,0.001022153252832491,0.01610076891820733,0.004545664805057692,2.5647835454261288e-14,0.0,2150400,7.92980530008208
ec-lf,80,0,True,True,80,80.0,80,0.012499999999999956,0.01090613698120656,0.019841680433762693,0.008972400222869964,0.07607060111111907,0.033761568388166685,1.3019249755540513e-15,0.0,32880,0.29626279999502003
ec-lf,80,3,True,True,220,179.24932975871315,222,0.0015624999999999112,0.0017233231412541073,0.0022138471868643115,0.0011553826733588,0.015580094691036606,0.004545579270558209,9.36100853980239e-16,8.881784197001252e-16,601740,3.98025989998132
global-lf,160,0,True,True,160,160.0,160,0.006249999999999978,0.005941807980325099,0.010642377336111092,0.004824118452711926,0.044664892396499734,0.020447350941609543,3.821906619774245e-15,0.0,133440,0.7228524999227375
global-lf,320,0,True,True,320,320.0,320,0.0031249999999999334,0.003067363697651291,0.005000751696120579,0.0023433570654491425,0.026892514683685143,0.01021637390846597,4.182391291495294e-15,0.0,536640,2.1901277999859303
global-lf,640,0,True,True,640,640.0,640,0.0015624999999999112,0.001691280482201569,0.0023190383459375987,0.0011342068048570434,0.016355230088774042,0.005133626266573321,2.4298926152758713e-14,0.0,2150400,8.497143399901688
global-lf,80,0,True,True,80,80.0,80,0.012499999999999956,0.011665017073779016,0.021814741722139874,0.009809251041220735,0.07885194790230843,0.03941889275306343,1.5317829241088626e-15,0.0,32880,0.251447300077416
global-lf,80,3,True,True,220,179.69258266309205,222,0.0015624999999999112,0.0020299959847341568,0.0027889135644251707,0.0015939366171262468,0.015857930793884645,0.005134501266706448,9.18177305540701e-16,8.881784197001252e-16,603228,3.7353253999026492
godunov,160,0,True,True,160,160.0,160,0.006249999999999978,0.004255252602748563,0.007832830794915552,0.003373370117272241,0.03813434707712127,0.017961900465310432,3.6768825596694304e-15,0.0,133440,2.9378035999834538
godunov,320,0,True,True,320,320.0,320,0.0031249999999999334,0.0022313874766165392,0.0036645383098673438,0.0016407544150213393,0.02254054008184192,0.009099826989821924,3.3274172989933413e-15,0.0,536640,7.504342400003225
godunov,640,0,True,True,640,640.0,640,0.0015624999999999112,0.0012408406290893733,0.001664420757381124,0.0007881316765889641,0.013511726758061227,0.004632391272209713,2.6777165732675407e-14,0.0,2150400,23.91332000005059
godunov,80,0,True,True,80,80.0,80,0.012499999999999956,0.008378518174640345,0.016230147021432655,0.006835029175742067,0.06651179459493006,0.03484614271880204,1.2222962396413618e-15,0.0,32880,1.2958341999910772
godunov,80,3,True,True,222,178.68275245755137,225,0.0015624999999999112,0.0013749558472594475,0.0018370425627215982,0.00097290273595597,0.013315706284373507,0.004632839434738689,8.481662276679138e-16,8.881784197001252e-16,599838,14.059223199961707
hllc,160,0,True,True,160,160.0,160,0.006249999999999978,0.0045351760755246,0.008348372750390704,0.003712447173821381,0.037090555842368755,0.017709600574581263,3.646350920770383e-15,0.0,133440,0.8689973999280483
hllc,320,0,True,True,320,320.0,320,0.0031249999999999334,0.002392139891065689,0.003994251101824985,0.0018253176643761777,0.02253026131161473,0.009067917638773126,3.937301110915646e-15,0.0,536640,2.589922600076534
hllc,640,0,True,True,640,640.0,640,0.0015624999999999112,0.001330755943102367,0.0018371202402915465,0.0008841466934542625,0.013514198843780911,0.0046239220081661925,2.5118847466971354e-14,0.0,2150400,10.570178500027396
hllc,80,0,True,True,80,80.0,80,0.012499999999999956,0.008820733037037766,0.017843740451696316,0.007602973912475818,0.06011385574878403,0.035556830110494264,1.2844114017976717e-15,0.0,32880,0.2999223000369966
hllc,80,3,True,True,219,178.4857142857143,223,0.0015624999999999112,0.001462956001151261,0.0020109763902111557,0.0010649419040250914,0.013333407759234972,0.004624063630752517,1.2322321610459037e-15,1.3322676295501878e-15,599712,4.070716800051741
hlle,160,0,True,True,160,160.0,160,0.006249999999999978,0.004589005192004102,0.008237002565954245,0.003621279947676123,0.039898319553239636,0.01776860981623074,3.5615812555783e-15,0.0,133440,0.7288583000190556
hlle,320,0,True,True,320,320.0,320,0.0031249999999999334,0.002409194948744974,0.0039422959272283065,0.0017841778834374465,0.023596586390153274,0.009102245878690574,5.264447902536487e-15,0.0,536640,2.626510599977337
hlle,640,0,True,True,640,640.0,640,0.0015624999999999112,0.0013412372275191792,0.0018097829495079196,0.0008636854769538098,0.01403231144713779,0.004641661627520777,2.6518036776137756e-14,0.0,2150400,10.295344500103965
hlle,80,0,True,True,80,80.0,80,0.012499999999999956,0.009002295875534623,0.01733671377436348,0.007386737081678084,0.06893855071410082,0.03475902349491522,1.6085319429893298e-15,0.0,32880,0.2913690999848768
hlle,80,3,True,True,219,178.94280607685434,225,0.0015624999999999112,0.0014694061514568064,0.00196138072657777,0.0010247462836213556,0.013785772710647626,0.0046415905915604405,1.125295286130237e-15,8.881784197001252e-16,600711,3.7389061000430956
roe,160,0,True,True,160,160.0,160,0.006249999999999978,0.004398971097983656,0.008079264572581827,0.0035822510582294784,0.03700363846327759,0.017773467399770038,3.1263339102654964e-15,0.0,133440,0.7874182000523433
roe,320,0,True,True,320,320.0,320,0.0031249999999999334,0.0023333151540956745,0.003863732049813536,0.0017613689066452213,0.02257393415347453,0.009092026625854621,5.278357342344253e-15,0.0,536640,2.530028700013645
roe,640,0,True,True,640,640.0,640,0.0015624999999999112,0.0013021886318892507,0.0017736720518013427,0.0008528457698209594,0.013530807104596199,0.004632855518488466,2.3358543749346422e-14,0.0,2150400,9.346666599973105
roe,80,0,True,True,80,80.0,80,0.012499999999999956,0.008533055344238791,0.017358622210189606,0.007361478086185184,0.05884802799682842,0.03580163375748535,1.8519886194774568e-15,0.0,33120,0.3186430000932887
roe,80,3,True,True,221,178.99285714285713,225,0.0015624999999999112,0.0014229268801976098,0.001926751001000473,0.0010156158877990243,0.013353640077506834,0.004632802342118825,3.800205568131314e-16,6.661338147750939e-16,601416,4.485806499957107
roe-nc,160,0,True,True,160,160.0,160,0.006249999999999978,0.004399923020321767,0.008081259689539716,0.003583173345473127,0.03700644684943033,0.017772918550635453,3.559242668532841e-15,0.0,133440,0.8226306999567896
roe-nc,320,0,True,True,320,320.0,320,0.0031249999999999334,0.0023335933106871276,0.0038643471233066086,0.0017616479872422394,0.02257426345845004,0.009091948728766508,3.7240450546040095e-15,0.0,536640,2.32364990003407
roe-nc,640,0,True,True,640,640.0,640,0.0015624999999999112,0.0013021848945420768,0.0017736562145209051,0.000852844863847755,0.013530835759555493,0.004632841148888067,2.6467168278982235e-14,0.0,2150400,8.10788180003874
roe-nc,80,0,True,True,80,80.0,80,0.012499999999999956,0.008536488559157153,0.017366164349258528,0.007364606958199552,0.058856246091799624,0.035801893923623984,1.324090939604976e-15,0.0,33120,0.29025010007899255
roe-nc,80,3,True,True,221,179.0,225,0.0015624999999999112,0.001423043023771884,0.0019266824404077995,0.0010157275732625203,0.013353706602714621,0.00463279291876828,1.0403394975134536e-15,8.881784197001252e-16,601440,4.136477400083095
rusanov,160,0,True,True,160,160.0,160,0.006249999999999978,0.005520624213711239,0.009624091453000732,0.004370961329922372,0.043264067357262403,0.018091806922966525,3.6744420065399956e-15,0.0,133440,0.975465500028804
rusanov,320,0,True,True,320,320.0,320,0.0031249999999999334,0.002850328198688933,0.0044926209976201455,0.0021153283893944426,0.026256038862184417,0.009114066280109023,3.941594822059779e-15,0.0,536640,3.256854600040242
rusanov,640,0,True,True,640,640.0,640,0.0015624999999999112,0.0015842669834353897,0.0020709932755348494,0.0010224542648618032,0.01607270422940521,0.004646888408288641,2.5146533280467203e-14,0.0,2150400,9.207139599951915
rusanov,80,0,True,True,80,80.0,80,0.012499999999999956,0.010923499913778799,0.0200732488531827,0.008989060560299494,0.07617882548758947,0.034800617439855075,1.2033906115161819e-15,0.0,32880,0.4073637999827042
rusanov,80,3,True,True,218,179.35120643431637,223,0.0015624999999999112,0.0017211087756417096,0.002235555914688782,0.0011563587554701865,0.015560618198697695,0.004647100828116257,9.143656894114789e-16,8.881784197001252e-16,602082,3.726085500093177
slau2,160,0,True,True,160,160.0,160,0.006249999999999978,0.0041572890845980445,0.007578742738129061,0.003289013190854388,0.03609673728882268,0.016048432078483277,3.0114929305680136e-15,0.0,133920,0.818382199970074
slau2,320,0,True,True,320,320.0,320,0.0031249999999999334,0.0022011322684302287,0.0035412570396815423,0.001599625835554621,0.022228941510519906,0.007936477435378841,2.8143613211214817e-15,0.0,537600,2.4571829000487924
slau2,640,0,True,True,640,640.0,640,0.0015624999999999112,0.0012372222975687384,0.0016031316998549876,0.0007692938304705599,0.013397466620385545,0.004052017403408437,2.7066439875238034e-14,0.0,2152320,8.187719199922867
slau2,80,0,True,True,80,80.0,80,0.012499999999999956,0.008213335155348188,0.016812248225830776,0.006966802967546508,0.05775782795823847,0.03248307311772902,7.712388842832344e-16,0.0,33120,0.25656570005230606
slau2,80,3,True,True,223,180.75200713648528,226,0.0015624999999999112,0.0013027288587205233,0.0017134951860828767,0.0008470332589664282,0.013233268321640401,0.004051327571216401,1.4591485514197583e-15,8.881784197001252e-16,607869,3.9780700999544933
steger-warming,160,0,True,True,160,160.0,160,0.006249999999999978,0.0052796788211757605,0.009965358981288749,0.00447186710005142,0.03631955776555562,0.019155078264769476,3.384374761539543e-15,0.0,133920,0.7688779999734834
steger-warming,320,0,True,True,320,320.0,320,0.0031249999999999334,0.0027015651595724086,0.004721246604156535,0.0021907734946440723,0.022291143842702033,0.009636224014621275,3.640744081006326e-15,0.0,537600,2.3807991000358015
steger-warming,640,0,True,True,640,640.0,640,0.0015624999999999112,0.0014994046305350649,0.002192295560289423,0.0010649021654038277,0.013510512045744716,0.0048778295032605445,2.6776619556415735e-14,0.0,2152320,8.888394799898379
steger-warming,80,0,True,True,80,80.0,80,0.012499999999999956,0.010443659700595418,0.02129181925276797,0.009249711288118932,0.05968683317310608,0.03820309815712508,1.668361861564995e-15,0.0,33120,0.26912469998933375
steger-warming,80,3,True,True,214,177.97857142857143,216,0.0015624999999999112,0.0017443871110837319,0.002443683232165088,0.0012947621883322,0.013286575474850348,0.004878627073263808,7.725280544937086e-16,8.881784197001252e-16,598008,4.112435900024138
vanleer,160,0,True,True,160,160.0,160,0.006249999999999978,0.0048420886042220244,0.0092182028926444,0.004052255056253999,0.037590524913983736,0.01829239641184599,3.997415045466673e-15,0.0,133440,0.7981215000618249
vanleer,320,0,True,True,320,320.0,320,0.0031249999999999334,0.0025171503400127065,0.004391770743321612,0.0019965072199397537,0.022226809198278685,0.009267703349604584,2.5736318739179227e-15,0.0,536640,2.4162243000464514
vanleer,640,0,True,True,640,640.0,640,0.0015624999999999112,0.0013878424553950587,0.0020283357229048957,0.0009647219131342398,0.0133896851497316,0.0047312423363340406,2.4586024292547472e-14,0.0,2152320,9.105968400021084
vanleer,80,0,True,True,80,80.0,80,0.012499999999999956,0.009626619400964737,0.018607369884992266,0.008141418373746831,0.0663961792736173,0.034756437839394305,1.261921416638074e-15,0.0,33120,0.30653419997543097
vanleer,80,3,True,True,225,181.19285714285715,227,0.0015624999999999112,0.0015277430451537523,0.002248330941023243,0.0011729679907287274,0.013180161924907896,0.004731495417506393,1.5896392047329995e-15,8.881784197001252e-16,608808,3.9329613998997957
