flux,reconstruction,cells,dx,time,integrity_passed,steps,elapsed_seconds,conservation_defect,provenance,density_L1,velocity_L1,pressure_L1,shock_width,shock_width_cells,contact_width,contact_width_cells
roe,cweno3,80,0.0125,0.2,True,138,0.520650599966757,6.842141073399265e-16,Reused matching executed original uniform TubeSolver run,0.008531897412227176,0.01735551470118969,0.007359970394971717,0.035796385902064576,2.863710872165166,0.0588320809898325,4.7065664791866
roe,cweno3,160,0.00625,0.2,True,278,1.4732610000064597,1.8534931211551074e-16,Reused matching executed original uniform TubeSolver run,0.004398630771884878,0.008078582905771658,0.0035820457194225786,0.01777227463070863,2.8435639409133806,0.036997649151541134,5.9196238642465815
roe,cweno3,320,0.003125,0.2,True,559,43.82760670001153,2.220446049250313e-16,Executed fixed uniform TubeSolver run for this refinement study,0.0023332252086713,0.0038636902639018213,0.0017613571614761806,0.009091942225216476,2.9094215120692724,0.02257285973780676,7.2233151160981635
roe,cweno3,640,0.0015625,0.2,True,1120,10.894330199924298,6.661338147750939e-16,Executed fixed uniform TubeSolver run for this refinement study,0.0013021670973643053,0.0017736625417547045,0.0008528429620357741,0.00463284323269697,2.965019668926061,0.013530661267131983,8.659623210964469
roe,cweno3,1280,0.00078125,0.2,True,2242,220.5009948000079,1.887379141862766e-15,Executed fixed uniform TubeSolver run for this refinement study,0.0006809092940798884,0.0008132599411532074,0.0004044384644211707,0.0022599431601879605,2.8927272450405894,0.008089412968803167,10.354448600068054
roe,cweno3,2560,0.000390625,0.2,True,4486,642.7607900999719,1.7763568394002505e-15,Executed fixed uniform TubeSolver run for this refinement study,0.0004097221642688178,0.0004967720072576736,0.00022212193176892708,0.0011326569328067304,2.89960174798523,0.004817909489073902,12.333848292029188
vanleer,cweno3,80,0.0125,0.2,True,138,0.29537840001285076,6.611087774432446e-16,Reused matching executed original uniform TubeSolver run,0.009625865596659788,0.01860455281199267,0.008139588398392976,0.03475581380339854,2.780465104271883,0.0663884391982017,5.311075135856136
vanleer,cweno3,160,0.00625,0.2,True,278,0.8888265000423416,9.268637840693316e-16,Reused matching executed original uniform TubeSolver run,0.0048419029171572064,0.009217308952314181,0.004051978960012698,0.01829078304115217,2.926525286584347,0.03758721564452372,6.013954503123795
vanleer,cweno3,320,0.003125,0.2,True,559,38.122981299995445,1.5543122344752192e-15,Executed fixed uniform TubeSolver run for this refinement study,0.0025170857058613772,0.004391715961435718,0.001996487322293876,0.009267575616012214,2.9656241971239083,0.022225828242701806,7.112265037664578
vanleer,cweno3,640,0.0015625,0.2,True,1121,10.594509499962442,1.7763568394002505e-15,Executed fixed uniform TubeSolver run for this refinement study,0.0013878267956502189,0.0020283332602714227,0.0009647207704455072,0.0047312306168140195,3.0279875947609725,0.01338954068176157,8.569306036327404
vanleer,cweno3,1280,0.00078125,0.2,True,2243,215.54428959998768,4.440892098500626e-16,Executed fixed uniform TubeSolver run for this refinement study,0.0007225989188643837,0.0009387717523958554,0.00045830925561884836,0.002325975852033091,2.9772490906023563,0.008038507302858156,10.289289347658439
vanleer,cweno3,2560,0.000390625,0.2,True,4488,623.5953420000151,8.881784197001252e-16,Executed fixed uniform TubeSolver run for this refinement study,0.0004308951126665105,0.0005569411039783456,0.00024917820431656445,0.0011551337388925331,2.957142371564885,0.004805310501045601,12.301594882676739
hllc,cweno3,80,0.0125,0.2,True,137,0.41246729996055365,2.5049258359476517e-16,Reused matching executed original uniform TubeSolver run,0.008819580168924292,0.017840619217358272,0.00760153263166728,0.03555180418348758,2.8441443346790063,0.0600959132251867,4.807673058014936
hllc,cweno3,160,0.00625,0.2,True,278,1.0692489999346435,7.026390372491425e-16,Reused matching executed original uniform TubeSolver run,0.004534992254631921,0.008347872008167178,0.0037122924933046058,0.01770845120297071,2.8333521924753136,0.037084577182878276,5.933532349260524
hllc,cweno3,320,0.003125,0.2,True,559,45.02653189992998,8.881784197001252e-16,Executed fixed uniform TubeSolver run for this refinement study,0.0023920730160755695,0.003994222809800612,0.0018253084007076835,0.009067829210513079,2.901705347364185,0.02252903017611152,7.209289656355686
hllc,cweno3,640,0.0015625,0.2,True,1120,11.729294099961407,1.1102230246251565e-15,Executed fixed uniform TubeSolver run for this refinement study,0.0013307352939335743,0.0018371149570212727,0.0008841451875378048,0.004623910053892288,2.9593024344910646,0.013514039047924142,8.648984990671451
hllc,cweno3,1280,0.00078125,0.2,True,2242,166.596890399931,7.771561172376096e-16,Executed fixed uniform TubeSolver run for this refinement study,0.0006940949073908124,0.00084438876329794,0.0004198385848943935,0.0022581643150959563,2.890450323322824,0.008077321925563763,10.338972064721617
hllc,cweno3,2560,0.000390625,0.2,True,4486,632.078333399957,3.774758283725532e-15,Executed fixed uniform TubeSolver run for this refinement study,0.0004163691617766121,0.0005122084751752369,0.0002297616649475364,0.0011293593935850499,2.8911600475777277,0.004810023808285768,12.313660949211567
hlle,cweno3,80,0.0125,0.2,True,137,0.5234874000307173,2.3256173893381234e-16,Reused matching executed original uniform TubeSolver run,0.009000912086508089,0.0173335639197581,0.007385144588242231,0.0347517502518051,2.780140020144408,0.06890485439272453,5.512388351417963
hlle,cweno3,160,0.00625,0.2,True,278,1.0668517000740394,1.942890293094024e-16,Reused matching executed original uniform TubeSolver run,0.004588672733738931,0.008236222227953127,0.003621052684205621,0.017767009926610067,2.8427215882576107,0.03989160543934034,6.382656870294454
hlle,cweno3,320,0.003125,0.2,True,559,33.995444000000134,6.661338147750939e-16,Executed fixed uniform TubeSolver run for this refinement study,0.0024090966549248556,0.003942237576274763,0.0017841530161363973,0.009102155366695452,2.912689717342545,0.023595199709452563,7.55046390702482
hlle,cweno3,640,0.0015625,0.2,True,1120,10.501339600072242,1.5543122344752192e-15,Executed fixed uniform TubeSolver run for this refinement study,0.0013412115790017104,0.001809771258799901,0.0008636814787162949,0.004641648617205729,2.9706551150116667,0.014032041569920106,8.980506604748868
hlle,cweno3,1280,0.00078125,0.2,True,2242,61.02393799996935,5.551115123125783e-16,Executed fixed uniform TubeSolver run for this refinement study,0.0007023239300144946,0.0008310568135156312,0.00040973788246534057,0.0022701968210778745,2.9058519309796793,0.008459912498294364,10.828687997816786
hlle,cweno3,2560,0.000390625,0.2,True,4486,301.8012690000469,5.10702591327572e-15,Executed fixed uniform TubeSolver run for this refinement study,0.00042364521664815455,0.000506465008096193,0.00022505260896767506,0.0011325831064352698,2.8994127524742908,0.005021737200082477,12.85564723221114
rusanov,cweno3,80,0.0125,0.2,True,137,0.29555260005872697,5.57814696213094e-16,Reused matching executed original uniform TubeSolver run,0.010923648371598796,0.0200710775247139,0.008988195431641356,0.034791229693318826,2.783298375465506,0.07616942547957384,6.093554038365907
rusanov,cweno3,160,0.00625,0.2,True,278,0.9821144000161439,4.834842746906126e-16,Reused matching executed original uniform TubeSolver run,0.005520674486895595,0.009623906893153908,0.004370988332364075,0.018090766419753934,2.8945226271606295,0.04325492936937381,6.920788699099809
rusanov,cweno3,320,0.003125,0.2,True,559,26.367975200060755,2.220446049250313e-16,Executed fixed uniform TubeSolver run for this refinement study,0.002850253687287946,0.004492672950552977,0.0021153571579756872,0.009113989977223458,2.9164767927115065,0.026252667571430632,8.400853622857802
rusanov,cweno3,640,0.0015625,0.2,True,1120,8.407762499991804,6.661338147750939e-16,Executed fixed uniform TubeSolver run for this refinement study,0.0015842254931816748,0.002070987437724248,0.0010224534356658387,0.004646879257294123,2.974002724668239,0.01607212232429256,10.286158287547238
rusanov,cweno3,1280,0.00078125,0.2,True,2242,275.11940980004147,7.771561172376096e-16,Executed fixed uniform TubeSolver run for this refinement study,0.0008353385956153356,0.0009607750144378918,0.0004890131430318358,0.0022780967771923732,2.9159638748062378,0.009701004852261996,12.417286210895355
rusanov,cweno3,2560,0.000390625,0.2,True,4487,259.7504595000064,1.9984014443252818e-15,Executed fixed uniform TubeSolver run for this refinement study,0.0004984202777153703,0.0005722195883599556,0.00026484121214835323,0.0011325834351019193,2.8994135938609134,0.005792750488985199,14.829441251802109
ausm,cweno3,80,0.0125,0.2,True,139,0.32044799998402596,2.1333901624141365e-16,Reused matching executed original uniform TubeSolver run,0.008912290076237568,0.017465780479111685,0.007456225356631638,0.03317559288785632,2.6540474310285056,0.06058632376218254,4.846905900974603
ausm,cweno3,160,0.00625,0.2,True,279,0.8594819999998435,6.6652294145685875e-16,Reused matching executed original uniform TubeSolver run,0.004505825672548263,0.008365660979455614,0.0036730270009791193,0.016595484913549896,2.6552775861679834,0.03633657961668946,5.813852738670313
ausm,cweno3,320,0.003125,0.2,True,560,27.307568099931814,3.3306690738754696e-16,Executed fixed uniform TubeSolver run for this refinement study,0.0023621866719002052,0.00400053320495158,0.0018101798510216957,0.008179398482241695,2.6174075143173425,0.022138021643856587,7.084166926034108
ausm,cweno3,640,0.0015625,0.2,True,1121,8.655246799928136,2.220446049250313e-15,Executed fixed uniform TubeSolver run for this refinement study,0.0013229762061522294,0.0018465046440230004,0.0008772993621674332,0.004232765645976855,2.708970013425187,0.013417145970886835,8.586973421367574
ausm,cweno3,1280,0.00078125,0.2,True,2244,275.879552599974,5.551115123125783e-16,Executed fixed uniform TubeSolver run for this refinement study,0.000691461702368882,0.0008560324785520667,0.0004173160784259427,0.002125413718765623,2.7205295600199975,0.008062791352761889,10.320372931535218
ausm,cweno3,2560,0.000390625,0.2,True,4488,266.86927250004373,2.6645352591003757e-15,Executed fixed uniform TubeSolver run for this refinement study,0.0004166252439109463,0.0005138843510014404,0.00022851864729703472,0.001026450909809573,2.627714329112507,0.004822764950104141,12.346278272266602
ausm-plus,cweno3,80,0.0125,0.2,True,138,0.26147869997657835,2.583033102706563e-16,Reused matching executed original uniform TubeSolver run,0.008626437671562128,0.017988934176533123,0.007344709832985746,0.03304049751728355,2.643239801382684,0.05879024103600328,4.703219282880262
ausm-plus,cweno3,160,0.00625,0.2,True,279,0.912879699957557,6.679630611556616e-16,Reused matching executed original uniform TubeSolver run,0.004363644291154671,0.008213567223818368,0.0035249942202343746,0.016403468035600333,2.624554885696053,0.03640352059691765,5.824563295506824
ausm-plus,cweno3,320,0.003125,0.2,True,559,22.272103400086053,6.661338147750939e-16,Executed fixed uniform TubeSolver run for this refinement study,0.0022910216753674233,0.003882458868330027,0.0017139561880513403,0.008069751472816744,2.582320471301358,0.022241115137557554,7.117156844018417
ausm-plus,cweno3,640,0.0015625,0.2,True,1121,9.014242599951103,1.5543122344752192e-15,Executed fixed uniform TubeSolver run for this refinement study,0.0012801537165083796,0.0017838499314209969,0.0008245013702783717,0.004105072709535196,2.6272465341025253,0.013434823172713939,8.598286830536921
ausm-plus,cweno3,1280,0.00078125,0.2,True,2243,270.56674949999433,7.771561172376096e-16,Executed fixed uniform TubeSolver run for this refinement study,0.0006699056238579542,0.0008239174674029247,0.0003897374268972219,0.0020564277128225505,2.6322274724128647,0.008042760975971452,10.29473404924346
ausm-plus,cweno3,2560,0.000390625,0.2,True,4487,270.50164349994157,1.7763568394002505e-15,Executed fixed uniform TubeSolver run for this refinement study,0.00040409530883236494,0.0004964445704672662,0.000214872557856367,0.0010129450573412857,2.5931393467936914,0.004791798460444752,12.267004058738564
ausm-up,cweno3,80,0.0125,0.2,True,137,0.23393950005993247,2.1037262563890932e-16,Reused matching executed original uniform TubeSolver run,0.012941738677211656,0.02589956314110071,0.012342349394216686,0.04023228628433961,3.218582902747169,0.05116077876882619,4.092862301506095
ausm-up,cweno3,160,0.00625,0.2,True,277,0.761622800026089,4.208982860907703e-16,Reused matching executed original uniform TubeSolver run,0.006621182622962439,0.011951479575301526,0.005976648531314287,0.019476332427418974,3.116213188387036,0.03479334684254487,5.566935494807179
ausm-up,cweno3,320,0.003125,0.2,True,558,21.210490000084974,4.440892098500626e-16,Executed fixed uniform TubeSolver run for this refinement study,0.0034174635557892344,0.005770213962695328,0.002956921887008424,0.0097939714091827,3.134070850938464,0.02210442145013991,7.073414864044771
ausm-up,cweno3,640,0.0015625,0.2,True,1119,8.792369100032374,6.661338147750939e-16,Executed fixed uniform TubeSolver run for this refinement study,0.0018517530650474325,0.002709215409450623,0.001444680412859509,0.004926742145864638,3.153114973353368,0.013578489700120655,8.69023340807722
ausm-up,cweno3,1280,0.00078125,0.2,True,2241,272.4565884999465,1.7763568394002505e-15,Executed fixed uniform TubeSolver run for this refinement study,0.0009497483480714969,0.001278885528736088,0.0006977398234426056,0.0024055343485348546,3.079083966124614,0.008132619787142192,10.409753327542006
ausm-up,cweno3,2560,0.000390625,0.2,True,4485,270.0508669000119,1.9984014443252818e-15,Executed fixed uniform TubeSolver run for this refinement study,0.0005425602722896961,0.0007281959720151462,0.0003698609421850858,0.001216407861316382,3.114004124969938,0.004816091590209126,12.329194470935363
ausm-up2,cweno3,80,0.0125,0.2,True,137,0.23456679994706064,4.89507972406977e-16,Reused matching executed original uniform TubeSolver run,0.01223265586420787,0.024174205851109836,0.011615231469813234,0.03898178100140759,3.118542480112607,0.052522366311805735,4.201789304944459
ausm-up2,cweno3,160,0.00625,0.2,True,277,0.5847625000169501,2.2722265587789814e-16,Reused matching executed original uniform TubeSolver run,0.006280339742111905,0.011022243484055233,0.005606452244291949,0.018586613501953786,2.9738581603126057,0.0352645959277984,5.6423353484477445
ausm-up2,cweno3,320,0.003125,0.2,True,558,6.665148800006136,3.3306690738754696e-16,Executed fixed uniform TubeSolver run for this refinement study,0.003249041074549745,0.005296331175955376,0.0027727531439542268,0.0093476734343233,2.991255498983456,0.022395311593138567,7.1664997098043415
ausm-up2,cweno3,640,0.0015625,0.2,True,1119,8.470585700008087,8.881784197001252e-16,Executed fixed uniform TubeSolver run for this refinement study,0.0017686881036026228,0.0024714605272957526,0.0013531260488836765,0.004691496725230393,3.0025579041474515,0.013641774601279355,8.730735744818787
ausm-up2,cweno3,1280,0.00078125,0.2,True,2241,111.3397673999425,4.440892098500626e-16,Executed fixed uniform TubeSolver run for this refinement study,0.0009089656559502883,0.0011612375058507895,0.0006531717985232183,0.0022821150573210103,2.921107273370893,0.008142683728950884,10.422635173057131
ausm-up2,cweno3,2560,0.000390625,0.2,True,4485,488.4507795999525,1.1102230246251565e-15,Executed fixed uniform TubeSolver run for this refinement study,0.0005220693839456862,0.0006670120137642351,0.0003464141801828578,0.0011592355785086106,2.967643080982043,0.004827555744532863,12.35854270600413
slau2,cweno3,80,0.0125,0.2,True,138,0.3558443000074476,2.7767778569827503e-16,Reused matching executed original uniform TubeSolver run,0.00821342019723963,0.016811645830589694,0.006966969922925346,0.032484933338727706,2.5987946670982165,0.0577388430469854,4.619107443758832
slau2,cweno3,160,0.00625,0.2,True,279,0.9193502999842167,2.2225536148207295e-16,Reused matching executed original uniform TubeSolver run,0.004157116913800706,0.007578708792197427,0.0032890543558012097,0.01604861012099401,2.567777619359042,0.036091064570125786,5.774570331220126
slau2,cweno3,320,0.003125,0.2,True,560,2.2449707000050694,2.220446049250313e-16,Executed fixed uniform TubeSolver run for this refinement study,0.0022010722062731024,0.0035411446052120003,0.0015996095154856692,0.007936491159612924,2.5396771710761357,0.02222794716387677,7.112943092440567
slau2,cweno3,640,0.0015625,0.2,True,1121,8.790695299976505,1.3322676295501878e-15,Executed fixed uniform TubeSolver run for this refinement study,0.0012372006843757485,0.0016031144035950529,0.0007692915818098541,0.004052003942854765,2.5932825234270496,0.013397300327039785,8.574272209305462
slau2,cweno3,1280,0.00078125,0.2,True,2243,168.23746309999842,8.881784197001252e-16,Executed fixed uniform TubeSolver run for this refinement study,0.0006476413241122811,0.0007339362334179796,0.0003626871449559475,0.0020101264037268862,2.5729617967704144,0.007998396348352754,10.237947325891525
slau2,cweno3,2560,0.000390625,0.2,True,4487,481.809340900043,3.219646771412954e-15,Executed fixed uniform TubeSolver run for this refinement study,0.0003929165253070014,0.0004479939391957696,0.00020087785063412008,0.0010015289498296331,2.563914111563861,0.004771480900162217,12.214991104415276
ec-lf,cweno3,80,0.0125,0.2,True,137,0.21905019995756447,2.368474123393374e-16,Reused matching executed original uniform TubeSolver run,0.010906239239661723,0.01983956646961066,0.008971476682761242,0.033752092887556207,2.7001674310044965,0.07606098966660158,6.084879173328126
ec-lf,cweno3,160,0.00625,0.2,True,278,0.8514141000341624,9.646280222984776e-17,Reused matching executed original uniform TubeSolver run,0.0055229201780285925,0.00952747693434809,0.004367505693625203,0.01762687213679237,2.8202995418867793,0.04334509175624912,6.935214680999859
ec-lf,cweno3,320,0.003125,0.2,True,559,2.1262336000800133,9.992007221626409e-16,Executed fixed uniform TubeSolver run for this refinement study,0.0028541054344752848,0.004447825934002151,0.002114394646674107,0.008893855009577067,2.8460336030646616,0.026325018568129632,8.424005941801482
ec-lf,cweno3,640,0.0015625,0.2,True,1120,9.317283799988218,3.3306690738754696e-16,Executed fixed uniform TubeSolver run for this refinement study,0.0015866786183010378,0.0020492775777897912,0.0010221531071934794,0.004545655543993998,2.909219548156159,0.01610018791322132,10.304120264461645
ec-lf,cweno3,1280,0.00078125,0.2,True,2242,315.7896047999384,6.661338147750939e-16,Executed fixed uniform TubeSolver run for this refinement study,0.0008366892402426425,0.0009516040119002505,0.000489444283586345,0.0022288181531872064,2.8528872360796242,0.009711792572652866,12.431094492995669
ec-lf,cweno3,2560,0.000390625,0.2,True,4487,609.9574992998969,1.3322676295501878e-15,Executed fixed uniform TubeSolver run for this refinement study,0.0004987478099591838,0.0005664623602316973,0.0002646847382976162,0.001104501538063296,2.827523937442038,0.005795362750455335,14.836128641165658
godunov,cweno3,80,0.0125,0.2,True,137,1.1644449000013992,3.6540067770416613e-16,Reused matching executed original uniform TubeSolver run,0.00837672712761152,0.016226408082422872,0.00683373096249783,0.034840088790689006,2.7872071032551204,0.06649810131406153,5.3198481051249225
godunov,cweno3,160,0.00625,0.2,True,278,3.0476947999559343,2.429790356408633e-16,Reused matching executed original uniform TubeSolver run,0.004254892636198597,0.007831949514323564,0.003373098094480269,0.01796037659083516,2.8736602545336254,0.03813014834281747,6.100823734850795
godunov,cweno3,320,0.003125,0.2,True,559,7.904567199992016,6.80455054010303e-16,Executed fixed uniform TubeSolver run for this refinement study,0.00223129894955861,0.003664464927243147,0.001640740382609651,0.009099707613158037,2.9119064362105718,0.02253950997372789,7.2126431915929246
godunov,cweno3,640,0.0015625,0.2,True,1120,313.8012170000002,5.508893794379111e-16,Executed fixed uniform TubeSolver run for this refinement study,0.0012408223578769164,0.0016644189386092125,0.0007881319815326402,0.004632380453570617,2.964723490285195,0.013511592444760967,8.647419164647019
godunov,cweno3,1280,0.00078125,0.2,True,2242,744.015599800041,1.1055518895273069e-15,Executed fixed uniform TubeSolver run for this refinement study,0.0006510265918459963,0.0007568248501313279,0.0003710767195226782,0.002257943050785416,2.8901671050053324,0.008092548936212252,10.358462638351682
godunov,cweno3,2560,0.000390625,0.2,True,4486,1481.301321499981,4.585166441577229e-16,Executed fixed uniform TubeSolver run for this refinement study,0.0003933816868418115,0.00046775203001018096,0.00020513345551015984,0.0011332755327574384,2.9011853638590424,0.004809621601973957,12.31263130105333
roe-nc,cweno3,80,0.0125,0.2,True,138,0.509580000070855,7.903321626827637e-16,Reused matching executed original uniform TubeSolver run,0.008535323582222046,0.01736319242465505,0.007363092968218786,0.035796646157977396,2.8637316926381917,0.058840135152309014,4.707210812184721
roe-nc,cweno3,160,0.00625,0.2,True,278,1.064860099926591,8.520071971163514e-16,Reused matching executed original uniform TubeSolver run,0.0043995789199966434,0.00808056934280274,0.003582964437028974,0.017771729573327955,2.8434767317324727,0.03700043813547882,5.920070101676611
roe-nc,cweno3,320,0.003125,0.2,True,559,2.2116700999904424,6.661338147750939e-16,Executed fixed uniform TubeSolver run for this refinement study,0.0023335027662275197,0.0038643040452030633,0.0017616356111079888,0.009091864840022668,2.9093967488072536,0.022573191029280237,7.223421129369676
roe-nc,cweno3,640,0.0015625,0.2,True,1120,100.87944440008141,4.440892098500626e-16,Executed fixed uniform TubeSolver run for this refinement study,0.0013021633243673876,0.0017736465945692094,0.0008528420110902822,0.004632828858584737,2.9650104694942314,0.013530690671110013,8.659642029510408
roe-nc,cweno3,1280,0.00078125,0.2,True,2242,270.28276890004054,6.661338147750939e-16,Executed fixed uniform TubeSolver run for this refinement study,0.0006809213857623816,0.0008132979445596043,0.0004044562129499321,0.0022599408124839293,2.8927242399794295,0.008089349562987347,10.354367440623804
roe-nc,cweno3,2560,0.000390625,0.2,True,4486,544.9693458001129,6.661338147750939e-16,Executed fixed uniform TubeSolver run for this refinement study,0.0004097257489076183,0.0004967821765459632,0.00022212788416461947,0.0011326584075098678,2.8996055232252615,0.004817897448840758,12.33381746903234
steger-warming,cweno3,80,0.0125,0.2,True,138,0.28097770002204925,6.017142155334089e-16,Reused matching executed original uniform TubeSolver run,0.010444345335329865,0.021287692135281165,0.009248164252308368,0.03819809057926615,3.0558472463412922,0.05968175243913032,4.774540195130426
steger-warming,cweno3,160,0.00625,0.2,True,279,0.9150556999957189,2.498001805406602e-16,Reused matching executed original uniform TubeSolver run,0.005279471951084032,0.009964628707564285,0.004471669309640438,0.01915380134302802,3.0646082148844833,0.036315396910181375,5.81046350562902
steger-warming,cweno3,320,0.003125,0.2,True,560,2.3007644000463188,2.886579864025407e-15,Executed fixed uniform TubeSolver run for this refinement study,0.002701480138379933,0.004721107101192744,0.002190725596815047,0.009636140578773822,3.083564985207623,0.02229007295353891,7.132823345132451
steger-warming,cweno3,640,0.0015625,0.2,True,1121,123.04053870006464,5.551115123125783e-16,Executed fixed uniform TubeSolver run for this refinement study,0.0014993803515340048,0.0021922718620451817,0.0010648937860213991,0.004877816454443962,3.1218025308441355,0.013510252525098854,8.646561616063266
steger-warming,cweno3,1280,0.00078125,0.2,True,2243,212.77842979994603,4.440892098500626e-16,Executed fixed uniform TubeSolver run for this refinement study,0.0007779327456630331,0.0010207416871446165,0.0005088808373510957,0.0023936280233801677,3.0638438699266146,0.008182868749138095,10.474071998896761
steger-warming,cweno3,2560,0.000390625,0.2,True,4487,539.8103249999695,1.3322676295501878e-15,Executed fixed uniform TubeSolver run for this refinement study,0.00046249973435562324,0.0006004620528678422,0.0002755354568799313,0.0011972473387469318,3.0649531871921454,0.004901790310238852,12.54858319421146
global-lf,cweno3,80,0.0125,0.2,True,137,0.28074149996973574,5.861315888892819e-16,Reused matching executed original uniform TubeSolver run,0.01166480134727112,0.02181297638844838,0.00980824133584331,0.039408762708281975,3.152701016662558,0.07884037640674901,6.307230112539921
global-lf,cweno3,160,0.00625,0.2,True,278,0.5939848000416532,3.3193889804284776e-16,Reused matching executed original uniform TubeSolver run,0.005941869293962618,0.010642212667081732,0.004824165448998965,0.020446269807865458,3.2714031692584733,0.04465634029459875,7.1450144471358
global-lf,cweno3,320,0.003125,0.2,True,559,2.004291099961847,8.881784197001252e-16,Executed fixed uniform TubeSolver run for this refinement study,0.0030672844064374193,0.005000814858948215,0.002343391404929485,0.010216293733836701,3.2692139948277443,0.026889280822063766,8.604569863060405
global-lf,cweno3,640,0.0015625,0.2,True,1120,176.80776869994588,1.3322676295501878e-15,Executed fixed uniform TubeSolver run for this refinement study,0.0016912364627107968,0.0023190260054356225,0.0011342038178861736,0.005133615467271535,3.2855138990537824,0.01635464313296875,10.4669716051
global-lf,cweno3,1280,0.00078125,0.2,True,2243,86.50369259994477,8.881784197001252e-16,Executed fixed uniform TubeSolver run for this refinement study,0.0008885131330694908,0.0010896103006790853,0.0005429933815201494,0.0024968770265528795,3.1960025939876857,0.009901613628603756,12.674065444612808
global-lf,cweno3,2560,0.000390625,0.2,True,4487,429.31536240002606,1.2212453270876722e-15,Executed fixed uniform TubeSolver run for this refinement study,0.0005264946684590496,0.0006360187710809373,0.00029328601435592554,0.0012742691855001098,3.262129114880281,0.005903260214026429,15.112346147907658
jst,first,80,0.0125,0.2,True,149,0.07870950002688915,4.948658734138011e-16,Reused matching executed original uniform TubeSolver run,0.011560599345022031,0.030063988613391636,0.012409286020293526,0.02808517109479136,2.246813687583309,0.05166962438377676,4.133569950702141
jst,first,160,0.00625,0.2,True,305,0.1844598000170663,2.239114287602225e-16,Reused matching executed original uniform TubeSolver run,0.007558511469035798,0.018375982888133698,0.0072992000957637524,0.013992318007576277,2.2387708812122042,0.037804775844643146,6.048764135142903
jst,first,320,0.003125,0.2,True,616,0.2532844999805093,3.3306690738754696e-16,Executed fixed uniform TubeSolver run for this refinement study,0.0044746071054583714,0.010457889080654644,0.0040908482687031,0.006815886937572846,2.1810838200233107,0.024309878192088186,7.779161021468219
jst,first,640,0.0015625,0.2,True,1236,26.810658400063403,1.334134453385379e-15,Executed fixed uniform TubeSolver run for this refinement study,0.002601470661771632,0.00510512066684886,0.0020268888938692045,0.0034639848143375174,2.216950281176011,0.014572042401137741,9.326107136728155
jst,first,1280,0.00078125,0.2,True,2477,11.268073900020681,2.4443574780105356e-15,Executed fixed uniform TubeSolver run for this refinement study,0.0014573537457781692,0.0026123373086297677,0.0010085322270537607,0.0017849721317509948,2.2847643286412733,0.008834777571655517,11.308515291719061
jst,first,2560,0.000390625,0.2,True,4957,74.9338996000588,2.8847130401902158e-15,Executed fixed uniform TubeSolver run for this refinement study,0.0008879428040097862,0.0013313972947444747,0.0005153696152276931,0.0008538518526366445,2.18586074274981,0.005417655541144928,13.869198185331015
