theta_deg,rho_ratio,vr_ratio,vtheta_ratio,pressure_ratio,temperature_ratio
1.001611830883e+01,1.590718979082e+00,1.848690593050e-01,-4.721263152306e-03,4.286732311411e+00,2.694839483140e+00
1.004918132985e+01,1.242162064600e+00,3.533885768399e-01,-8.081981026058e-04,4.139640732216e+00,3.332609206311e+00
1.008393952820e+01,1.131876154851e+00,4.895019944451e-01,-9.410523052315e-04,4.110610777666e+00,3.631678925339e+00
1.012047981750e+01,1.135020547788e+00,6.147519739893e-01,-1.690618421494e-03,4.114233905541e+00,3.624810064945e+00
1.015889356748e+01,1.229272046560e+00,7.315473688805e-01,-2.583792636572e-03,4.123884563040e+00,3.354737118265e+00
1.019927683255e+01,1.429326312888e+00,8.368492368433e-01,-3.719511684363e-03,4.111915785634e+00,2.876820883069e+00
1.024173059189e+01,1.803790831858e+00,9.179688734361e-01,-3.825219256923e-03,4.146451324980e+00,2.298742876251e+00
1.028636100202e+01,2.250696809725e+00,9.611039202206e-01,-4.163113925438e-03,4.145861511577e+00,1.842034650630e+00
1.033327966221e+01,2.483934251469e+00,9.734056769846e-01,-5.278117548697e-03,4.115593356046e+00,1.656884981400e+00
1.038260389354e+01,2.550026174818e+00,9.755968370222e-01,-6.798886946551e-03,4.108437643440e+00,1.611135479318e+00
1.043445703230e+01,2.563436280982e+00,9.758117488337e-01,-8.506352997480e-03,4.111593973975e+00,1.603938433922e+00
1.048896873832e+01,2.564317797867e+00,9.758127825291e-01,-1.031054210948e-02,4.110519653811e+00,1.602968109971e+00
1.054627531928e+01,2.563330708704e+00,9.757996919320e-01,-1.220582045729e-02,4.108145052050e+00,1.602659008493e+00
1.060652007148e+01,2.562002736288e+00,9.757859401891e-01,-1.419052634978e-02,4.105226212097e+00,1.602350440127e+00
1.066985363817e+01,2.560457988997e+00,9.757689731910e-01,-1.626738953043e-02,4.101744769810e+00,1.601957457391e+00
1.073643438627e+01,2.558633769862e+00,9.757488633119e-01,-1.844085824901e-02,4.097655455665e+00,1.601501357456e+00
1.080642880232e+01,2.556498097969e+00,9.757249126229e-01,-2.071549884921e-02,4.092856431452e+00,1.600962048320e+00
1.088001190881e+01,2.554008158974e+00,9.756967924105e-01,-2.309613404318e-02,4.087271429868e+00,1.600336089572e+00
1.095736770186e+01,2.551128288941e+00,9.756639158273e-01,-2.558782200963e-02,4.080813364375e+00,1.599611192454e+00
1.103868961122e+01,2.547814912699e+00,9.756257479615e-01,-2.819593928618e-02,4.073390186170e+00,1.598777904104e+00
1.112418098403e+01,2.544023568285e+00,9.755816324968e-01,-3.092619797268e-02,4.064901174194e+00,1.597823709210e+00
1.121405559326e+01,2.539703250600e+00,9.755308760043e-01,-3.378470842683e-02,4.055235120182e+00,1.596735807313e+00
1.130853817225e+01,2.534792776886e+00,9.754726892930e-01,-3.677813002292e-02,4.044260014104e+00,1.595499265653e+00
1.140786497664e+01,2.529230194236e+00,9.754062079173e-01,-3.991353125310e-02,4.031840278028e+00,1.594097795929e+00
1.151228437520e+01,2.522972415821e+00,9.753304669851e-01,-4.319801899698e-02,4.017867769779e+00,1.592513554482e+00
1.162205747080e+01,2.515918486745e+00,9.752443999687e-01,-4.664038542798e-02,4.002135480461e+00,1.590725415607e+00
1.173745875337e+01,2.507838684412e+00,9.751468129415e-01,-5.025312568877e-02,3.984217721860e+00,1.588705743565e+00
1.185877678621e+01,2.498762109883e+00,9.750363788060e-01,-5.404346618058e-02,3.964111612685e+00,1.586430175568e+00
1.198631492762e+01,2.489186443312e+00,9.749116623210e-01,-5.800590692480e-02,3.942619508841e+00,1.583898835475e+00
1.212039208936e+01,2.478205367601e+00,9.747710724625e-01,-6.217389250019e-02,3.918143501951e+00,1.581040680960e+00
1.226134353418e+01,2.462242485736e+00,9.746125866835e-01,-6.666085599968e-02,3.884640572042e+00,1.577683999259e+00
1.240952171411e+01,2.441803927446e+00,9.744337822663e-01,-7.147201190071e-02,3.842628287552e+00,1.573684211234e+00
1.256529715179e+01,2.424160665331e+00,9.742326038879e-01,-7.636587882775e-02,3.805086590101e+00,1.569651155766e+00
1.272905936695e+01,2.400358992497e+00,9.740072080764e-01,-8.179997678998e-02,3.751591771224e+00,1.562929454699e+00
1.290121785042e+01,2.316096196658e+00,9.737518770566e-01,-8.958291294932e-02,3.599508913252e+00,1.554127552408e+00
1.308220308809e+01,2.051968540477e+00,9.734475268608e-01,-1.070724134524e-01,3.100622319808e+00,1.511047688425e+00
1.327246763732e+01,1.540380449789e+00,9.730185828303e-01,-1.491751725429e-01,2.151925813426e+00,1.397009299697e+00
1.347248725860e+01,1.175186636282e+00,9.723823415092e-01,-1.996337477533e-01,1.396369277300e+00,1.188210650282e+00
1.368276210515e+01,1.047423722999e+00,9.715995716904e-01,-2.266099544014e-01,1.110183653938e+00,1.059918378361e+00
1.390381797363e+01,1.011324433180e+00,9.706928922779e-01,-2.377182434413e-01,1.027611687294e+00,1.016104875527e+00
1.413620761884e+01,1.001920962147e+00,9.697182900924e-01,-2.437538662713e-01,1.005294412570e+00,1.003366982577e+00
1.438051213596e+01,1.000316554794e+00,9.686654892729e-01,-2.482476194692e-01,1.001080238764e+00,1.000763442298e+00
1.463734241351e+01,1.000869198109e+00,9.675451308269e-01,-2.525330709224e-01,1.001889480936e+00,1.001019396770e+00
1.490734066097e+01,1.000358709446e+00,9.663421809306e-01,-2.571560491349e-01,1.001061054384e+00,1.000702093091e+00
1.519118201461e+01,9.999253916556e-01,9.650575022676e-01,-2.620605405928e-01,9.998079856015e-01,9.998825851857e-01
1.548957622564e+01,9.999070378280e-01,9.636786045593e-01,-2.670797812626e-01,9.997968498865e-01,9.998898018143e-01
1.580326943502e+01,1.000057763823e+00,9.622027621148e-01,-2.723242583533e-01,1.000130820526e+00,1.000073052483e+00
1.613304603917e+01,1.000011629648e+00,9.606188053757e-01,-2.778644150026e-01,1.000044274924e+00,1.000032644896e+00
1.647973065138e+01,9.999906282847e-01,9.589203199275e-01,-2.836793997173e-01,9.999657655583e-01,9.999751370406e-01
1.684419016375e+01,9.999953666935e-01,9.570961748538e-01,-2.897704247488e-01,9.999937988750e-01,9.999984321742e-01
1.722733591490e+01,1.000005520871e+00,9.551372498087e-01,-2.961628906333e-01,1.000011403350e+00,1.000005882446e+00
1.763012596879e+01,9.999982735372e-01,9.530314894490e-01,-3.028711844092e-01,9.999977712634e-01,9.999994977253e-01
1.805356751036e+01,1.000000093277e+00,9.507672312984e-01,-3.099061724346e-01,9.999985113632e-01,9.999984180863e-01
1.849871936400e+01,9.999998322607e-01,9.483307159307e-01,-3.172833854676e-01,1.000000800981e+00,1.000000968721e+00
1.896669464124e+01,1.000000268807e+00,9.457076825508e-01,-3.250184841307e-01,1.000000002561e+00,9.999997337545e-01
1.945866352402e+01,9.999997389770e-01,9.428820569544e-01,-3.331267107996e-01,9.999998221598e-01,1.000000083183e+00
1.997585619080e+01,1.000000124380e+00,9.398366684525e-01,-3.416241313002e-01,1.000000054047e+00,9.999999296671e-01
2.051956589265e+01,9.999998958073e-01,9.365525333722e-01,-3.505272283296e-01,9.999999755992e-01,1.000000079792e+00
2.109115218702e+01,1.000000027649e+00,9.330091181496e-01,-3.598527342256e-01,9.999999726988e-01,9.999999450495e-01
2.169204433737e+01,9.999999493756e-01,9.291838973365e-01,-3.696177433109e-01,9.999999988866e-01,1.000000049511e+00
